dataset_id	date_created	file_size	method_id	metric_id	value	bootstrap	is_baseline	maximize	min	max	score
neurips-2023-data	03-06-2024	22264	mean_across_celltypes	mean_rowwise_rmse	0.7807054587	2	TRUE	FALSE	0	1.1842803888	0.34077650353471767
neurips-2023-data	03-06-2024	22264	mean_across_celltypes	mean_rowwise_mae	0.5514917172	2	TRUE	FALSE	0	0.8381713572	0.34202986959335335
neurips-2023-data	03-06-2024	22264	transformer_ensemble	mean_rowwise_pearson	0.17861678697	10	FALSE	TRUE	0	1	0.17861678697
neurips-2023-data	03-06-2024	22264	transformer_ensemble	mean_rowwise_spearman	0.16949770682	10	FALSE	TRUE	0	1	0.16949770682
neurips-2023-data	03-06-2024	22264	transformer_ensemble	mean_rowwise_cosine	0.18171633703	10	FALSE	TRUE	0	1	0.18171633703
neurips-2023-data	03-06-2024	22264	nn_retraining_with_pseudolabels	mean_rowwise_pearson	0.3984262114	4	FALSE	TRUE	0	1	0.3984262114
neurips-2023-data	03-06-2024	22264	nn_retraining_with_pseudolabels	mean_rowwise_spearman	0.3631785435	4	FALSE	TRUE	0	1	0.3631785435
neurips-2023-data	03-06-2024	22264	nn_retraining_with_pseudolabels	mean_rowwise_cosine	0.4000185602	4	FALSE	TRUE	0	1	0.4000185602
neurips-2023-data	03-06-2024	22264	mean_across_celltypes	mean_rowwise_pearson	0.27837391589	9	TRUE	TRUE	0	1	0.27837391589
neurips-2023-data	03-06-2024	22264	mean_across_celltypes	mean_rowwise_spearman	0.25911141035	9	TRUE	TRUE	0	1	0.25911141035
neurips-2023-data	03-06-2024	22264	mean_across_celltypes	mean_rowwise_cosine	0.28023712269	9	TRUE	TRUE	0	1	0.28023712269
neurips-2023-data	03-06-2024	22264	mean_across_celltypes	mean_rowwise_pearson	0.26590663294	2	TRUE	TRUE	0	1	0.26590663294
neurips-2023-data	03-06-2024	22264	mean_across_celltypes	mean_rowwise_spearman	0.24820387455	2	TRUE	TRUE	0	1	0.24820387455
neurips-2023-data	03-06-2024	22264	mean_across_celltypes	mean_rowwise_cosine	0.26778301618	2	TRUE	TRUE	0	1	0.26778301618
neurips-2023-data	03-06-2024	22264	mean_across_celltypes	mean_rowwise_pearson	0.26819370811	10	TRUE	TRUE	0	1	0.26819370811
neurips-2023-data	03-06-2024	22264	mean_across_celltypes	mean_rowwise_spearman	0.25026791469	10	TRUE	TRUE	0	1	0.25026791469
neurips-2023-data	03-06-2024	22264	mean_across_celltypes	mean_rowwise_cosine	0.27068049145	10	TRUE	TRUE	0	1	0.27068049145
neurips-2023-data	03-06-2024	22264	zeros	mean_rowwise_rmse	0.7955964789	1	TRUE	FALSE	0	1.1785070042	0.32491153971539555
neurips-2023-data	03-06-2024	22264	zeros	mean_rowwise_mae	0.5432045423	1	TRUE	FALSE	0	0.8341317578	0.3487784906635286
neurips-2023-data	03-06-2024	22264	ground_truth	mean_rowwise_pearson	1	3	TRUE	TRUE	0	1	1
neurips-2023-data	03-06-2024	22264	ground_truth	mean_rowwise_spearman	1	3	TRUE	TRUE	0	1	1
neurips-2023-data	03-06-2024	22264	ground_truth	mean_rowwise_cosine	1	3	TRUE	TRUE	0	1	1
neurips-2023-data	03-06-2024	22264	pyboost	mean_rowwise_pearson	0.3773415353	2	FALSE	TRUE	0	1	0.3773415353
neurips-2023-data	03-06-2024	22264	pyboost	mean_rowwise_spearman	0.3479482605	2	FALSE	TRUE	0	1	0.3479482605
neurips-2023-data	03-06-2024	22264	pyboost	mean_rowwise_cosine	0.3784640493	2	FALSE	TRUE	0	1	0.3784640493
neurips-2023-data	03-06-2024	22264	nn_retraining_with_pseudolabels	mean_rowwise_rmse	0.7118989499	5	FALSE	FALSE	0	1.1908984035	0.4022168912077142
neurips-2023-data	03-06-2024	22264	nn_retraining_with_pseudolabels	mean_rowwise_mae	0.5064346876	5	FALSE	FALSE	0	0.842224024	0.3986936098132484
neurips-2023-data	03-06-2024	22264	transformer_ensemble	mean_rowwise_pearson	0.17941599918	1	FALSE	TRUE	0	1	0.17941599918
neurips-2023-data	03-06-2024	22264	transformer_ensemble	mean_rowwise_spearman	0.17049707878	1	FALSE	TRUE	0	1	0.17049707878
neurips-2023-data	03-06-2024	22264	transformer_ensemble	mean_rowwise_cosine	0.18135871594	1	FALSE	TRUE	0	1	0.18135871594
neurips-2023-data	03-06-2024	22264	pyboost	mean_rowwise_rmse	0.7271490229	4	FALSE	FALSE	0	1.1799860166	0.38376471189446804
neurips-2023-data	03-06-2024	22264	pyboost	mean_rowwise_mae	0.5062450382	4	FALSE	FALSE	0	0.8354891855	0.39407349971018857
neurips-2023-data	02-06-2024	22264	mean_across_compounds	mean_rowwise_rmse	0.8817196023	7	TRUE	FALSE	0	1.1817664987	0.2538969388031105
neurips-2023-data	02-06-2024	22264	mean_across_compounds	mean_rowwise_mae	0.6514941616	7	TRUE	FALSE	0	0.8362323155	0.22091726243507037
neurips-2023-data	03-06-2024	22264	lgc_ensemble	mean_rowwise_pearson	0.368877059	5	FALSE	TRUE	0	1	0.368877059
neurips-2023-data	03-06-2024	22264	lgc_ensemble	mean_rowwise_spearman	0.3356266198	5	FALSE	TRUE	0	1	0.3356266198
neurips-2023-data	03-06-2024	22264	lgc_ensemble	mean_rowwise_cosine	0.3709628607	5	FALSE	TRUE	0	1	0.3709628607
neurips-2023-data	03-06-2024	22264	sample	mean_rowwise_pearson	0.03882781919	1	TRUE	TRUE	0	1	0.03882781919
neurips-2023-data	03-06-2024	22264	sample	mean_rowwise_spearman	0.03799293423	1	TRUE	TRUE	0	1	0.03799293423
neurips-2023-data	03-06-2024	22264	sample	mean_rowwise_cosine	0.03978595245	1	TRUE	TRUE	0	1	0.03978595245
neurips-2023-data	03-06-2024	22264	pyboost	mean_rowwise_rmse	0.7270880474	6	FALSE	FALSE	0	1.1804173387	0.3840415389011941
neurips-2023-data	03-06-2024	22264	pyboost	mean_rowwise_mae	0.5053269478	6	FALSE	FALSE	0	0.8356698315	0.3953031104485911
neurips-2023-data	03-06-2024	22264	jn_ap_op2	mean_rowwise_pearson	0.24058320362	10	FALSE	TRUE	0	1	0.24058320362
neurips-2023-data	03-06-2024	22264	jn_ap_op2	mean_rowwise_spearman	0.21745150027	10	FALSE	TRUE	0	1	0.21745150027
neurips-2023-data	03-06-2024	22264	jn_ap_op2	mean_rowwise_cosine	0.24278595281	10	FALSE	TRUE	0	1	0.24278595281
neurips-2023-data	03-06-2024	22264	nn_retraining_with_pseudolabels	mean_rowwise_rmse	0.7104738895	9	FALSE	FALSE	0	1.1809854348	0.3984058832865125
neurips-2023-data	03-06-2024	22264	nn_retraining_with_pseudolabels	mean_rowwise_mae	0.5036889373	9	FALSE	FALSE	0	0.8363974475	0.39778757239691365
neurips-2023-data	03-06-2024	22264	ground_truth	mean_rowwise_rmse	0	10	TRUE	FALSE	0	1.1807721126	1
neurips-2023-data	03-06-2024	22264	ground_truth	mean_rowwise_mae	0	10	TRUE	FALSE	0	0.8348175606	1
neurips-2023-data	03-06-2024	22264	mean_across_celltypes	mean_rowwise_pearson	0.27746215712	5	TRUE	TRUE	0	1	0.27746215712
neurips-2023-data	03-06-2024	22264	mean_across_celltypes	mean_rowwise_spearman	0.26048932016	5	TRUE	TRUE	0	1	0.26048932016
neurips-2023-data	03-06-2024	22264	mean_across_celltypes	mean_rowwise_cosine	0.27926749677	5	TRUE	TRUE	0	1	0.27926749677
neurips-2023-data	03-06-2024	22264	sample	mean_rowwise_rmse	1.1807721126	10	TRUE	FALSE	0	1.1807721126	0
neurips-2023-data	03-06-2024	22264	sample	mean_rowwise_mae	0.8348175606	10	TRUE	FALSE	0	0.8348175606	0
neurips-2023-data	03-06-2024	22264	mean_across_compounds	mean_rowwise_pearson	0.17447621591	5	TRUE	TRUE	0	1	0.17447621591
neurips-2023-data	03-06-2024	22264	mean_across_compounds	mean_rowwise_spearman	0.15617524775	5	TRUE	TRUE	0	1	0.15617524775
neurips-2023-data	03-06-2024	22264	mean_across_compounds	mean_rowwise_cosine	0.17685486906	5	TRUE	TRUE	0	1	0.17685486906
neurips-2023-data	03-06-2024	22264	jn_ap_op2	mean_rowwise_rmse	0.8339227583	10	FALSE	FALSE	0	1.1807721126	0.29374792188837806
neurips-2023-data	03-06-2024	22264	jn_ap_op2	mean_rowwise_mae	0.5991020628	10	FALSE	FALSE	0	0.8348175606	0.2823557013230371
neurips-2023-data	03-06-2024	22264	scape	mean_rowwise_rmse	0.7292216993	5	FALSE	FALSE	0	1.1908984035	0.3876709405631511
neurips-2023-data	03-06-2024	22264	scape	mean_rowwise_mae	0.5306522023	5	FALSE	FALSE	0	0.842224024	0.36993936627483326
neurips-2023-data	03-06-2024	22264	ground_truth	mean_rowwise_pearson	1	10	TRUE	TRUE	0	1	1
neurips-2023-data	03-06-2024	22264	ground_truth	mean_rowwise_spearman	1	10	TRUE	TRUE	0	1	1
neurips-2023-data	03-06-2024	22264	ground_truth	mean_rowwise_cosine	1	10	TRUE	TRUE	0	1	1
neurips-2023-data	03-06-2024	22264	jn_ap_op2	mean_rowwise_rmse	0.8441850338	9	FALSE	FALSE	0	1.1809854348	0.2851859058338321
neurips-2023-data	03-06-2024	22264	jn_ap_op2	mean_rowwise_mae	0.6066332676	9	FALSE	FALSE	0	0.8363974475	0.27470693578366046
neurips-2023-data	03-06-2024	22264	ground_truth	mean_rowwise_pearson	1	1	TRUE	TRUE	0	1	1
neurips-2023-data	03-06-2024	22264	ground_truth	mean_rowwise_spearman	1	1	TRUE	TRUE	0	1	1
neurips-2023-data	03-06-2024	22264	ground_truth	mean_rowwise_cosine	1	1	TRUE	TRUE	0	1	1
neurips-2023-data	03-06-2024	22264	transformer_ensemble	mean_rowwise_rmse	0.7883589911	6	FALSE	FALSE	0	1.1804173387	0.33213536835351476
neurips-2023-data	03-06-2024	22264	transformer_ensemble	mean_rowwise_mae	0.5427620351	6	FALSE	FALSE	0	0.8356698315	0.3505066060291301
neurips-2023-data	03-06-2024	22264	scape	mean_rowwise_rmse	0.7245793364	7	FALSE	FALSE	0	1.1817664987	0.38686759423534844
neurips-2023-data	03-06-2024	22264	scape	mean_rowwise_mae	0.5282541285	7	FALSE	FALSE	0	0.8362323155	0.3682926159291676
neurips-2023-data	03-06-2024	22264	transformer_ensemble	mean_rowwise_rmse	0.7836702715	7	FALSE	FALSE	0	1.1817664987	0.33686538553760415
neurips-2023-data	03-06-2024	22264	transformer_ensemble	mean_rowwise_mae	0.5402073183	7	FALSE	FALSE	0	0.8362323155	0.3539985141844234
neurips-2023-data	03-06-2024	22264	mean_outcome	mean_rowwise_pearson	0.1779392455	1	TRUE	TRUE	0	1	0.1779392455
neurips-2023-data	03-06-2024	22264	mean_outcome	mean_rowwise_spearman	0.16642603344	1	TRUE	TRUE	0	1	0.16642603344
neurips-2023-data	03-06-2024	22264	mean_outcome	mean_rowwise_cosine	0.18038815951	1	TRUE	TRUE	0	1	0.18038815951
neurips-2023-data	03-06-2024	22264	mean_across_celltypes	mean_rowwise_pearson	0.27545214688	6	TRUE	TRUE	0	1	0.27545214688
neurips-2023-data	03-06-2024	22264	mean_across_celltypes	mean_rowwise_spearman	0.25498221175	6	TRUE	TRUE	0	1	0.25498221175
neurips-2023-data	03-06-2024	22264	mean_across_celltypes	mean_rowwise_cosine	0.27764258378	6	TRUE	TRUE	0	1	0.27764258378
neurips-2023-data	03-06-2024	22264	nn_retraining_with_pseudolabels	mean_rowwise_pearson	0.4100037844	5	FALSE	TRUE	0	1	0.4100037844
neurips-2023-data	03-06-2024	22264	nn_retraining_with_pseudolabels	mean_rowwise_spearman	0.3734747656	5	FALSE	TRUE	0	1	0.3734747656
neurips-2023-data	03-06-2024	22264	nn_retraining_with_pseudolabels	mean_rowwise_cosine	0.4119175105	5	FALSE	TRUE	0	1	0.4119175105
neurips-2023-data	03-06-2024	22264	mean_outcome	mean_rowwise_rmse	0.7959501924	5	TRUE	FALSE	0	1.1908984035	0.33163887863084207
neurips-2023-data	03-06-2024	22264	mean_outcome	mean_rowwise_mae	0.5529989962	5	TRUE	FALSE	0	0.842224024	0.3434062904384688
neurips-2023-data	02-06-2024	22264	sample	mean_rowwise_pearson	0.03552079602	7	TRUE	TRUE	0	1	0.03552079602
neurips-2023-data	02-06-2024	22264	sample	mean_rowwise_spearman	0.03529921143	7	TRUE	TRUE	0	1	0.03529921143
neurips-2023-data	02-06-2024	22264	sample	mean_rowwise_cosine	0.03585667481	7	TRUE	TRUE	0	1	0.03585667481
neurips-2023-data	03-06-2024	22264	sample	mean_rowwise_rmse	1.1795727677	3	TRUE	FALSE	0	1.1795727677	0
neurips-2023-data	03-06-2024	22264	sample	mean_rowwise_mae	0.8354304352	3	TRUE	FALSE	0	0.8354304352	0
neurips-2023-data	03-06-2024	22264	sample	mean_rowwise_rmse	1.1804173387	6	TRUE	FALSE	0	1.1804173387	0
neurips-2023-data	03-06-2024	22264	sample	mean_rowwise_mae	0.8356698315	6	TRUE	FALSE	0	0.8356698315	0
neurips-2023-data	03-06-2024	22264	zeros	mean_rowwise_pearson	0	9	TRUE	TRUE	0	1	0
neurips-2023-data	03-06-2024	22264	zeros	mean_rowwise_spearman	0	9	TRUE	TRUE	0	1	0
neurips-2023-data	03-06-2024	22264	zeros	mean_rowwise_cosine	0	9	TRUE	TRUE	0	1	0
neurips-2023-data	03-06-2024	22264	lgc_ensemble	mean_rowwise_pearson	0.359705629	10	FALSE	TRUE	0	1	0.359705629
neurips-2023-data	03-06-2024	22264	lgc_ensemble	mean_rowwise_spearman	0.3248165996	10	FALSE	TRUE	0	1	0.3248165996
neurips-2023-data	03-06-2024	22264	lgc_ensemble	mean_rowwise_cosine	0.3629060604	10	FALSE	TRUE	0	1	0.3629060604
neurips-2023-data	03-06-2024	22264	mean_outcome	mean_rowwise_rmse	0.7910395832	3	TRUE	FALSE	0	1.1795727677	0.3293846680248348
neurips-2023-data	03-06-2024	22264	mean_outcome	mean_rowwise_mae	0.5488297257	3	TRUE	FALSE	0	0.8354304352	0.3430575394723183
neurips-2023-data	03-06-2024	22264	pyboost	mean_rowwise_pearson	0.3850601873	8	FALSE	TRUE	0	1	0.3850601873
neurips-2023-data	03-06-2024	22264	pyboost	mean_rowwise_spearman	0.3539146588	8	FALSE	TRUE	0	1	0.3539146588
neurips-2023-data	03-06-2024	22264	pyboost	mean_rowwise_cosine	0.3858952739	8	FALSE	TRUE	0	1	0.3858952739
neurips-2023-data	03-06-2024	22264	pyboost	mean_rowwise_rmse	0.7232086929	1	FALSE	FALSE	0	1.1785070042	0.38633483693978377
neurips-2023-data	03-06-2024	22264	pyboost	mean_rowwise_mae	0.5032848594	1	FALSE	FALSE	0	0.8341317578	0.3966362571694906
neurips-2023-data	03-06-2024	22264	nn_retraining_with_pseudolabels	mean_rowwise_rmse	0.705013527	10	FALSE	FALSE	0	1.1807721126	0.4029215972524993
neurips-2023-data	03-06-2024	22264	nn_retraining_with_pseudolabels	mean_rowwise_mae	0.5008435561	10	FALSE	FALSE	0	0.8348175606	0.4000562760802088
neurips-2023-data	03-06-2024	22264	ground_truth	mean_rowwise_rmse	0	1	TRUE	FALSE	0	1.1785070042	1
neurips-2023-data	03-06-2024	22264	ground_truth	mean_rowwise_mae	0	1	TRUE	FALSE	0	0.8341317578	1
neurips-2023-data	03-06-2024	22264	pyboost	mean_rowwise_pearson	0.3728047908	4	FALSE	TRUE	0	1	0.3728047908
neurips-2023-data	03-06-2024	22264	pyboost	mean_rowwise_spearman	0.3442666417	4	FALSE	TRUE	0	1	0.3442666417
neurips-2023-data	03-06-2024	22264	pyboost	mean_rowwise_cosine	0.3739611855	4	FALSE	TRUE	0	1	0.3739611855
neurips-2023-data	03-06-2024	22264	sample	mean_rowwise_rmse	1.1908984035	5	TRUE	FALSE	0	1.1908984035	0
neurips-2023-data	03-06-2024	22264	sample	mean_rowwise_mae	0.842224024	5	TRUE	FALSE	0	0.842224024	0
neurips-2023-data	02-06-2024	22264	mean_outcome	mean_rowwise_rmse	0.78534472	7	TRUE	FALSE	0	1.1817664987	0.3354484825353258
neurips-2023-data	02-06-2024	22264	mean_outcome	mean_rowwise_mae	0.5454929608	7	TRUE	FALSE	0	0.8362323155	0.34767773178696304
neurips-2023-data	03-06-2024	22264	scape	mean_rowwise_rmse	0.7223869618	10	FALSE	FALSE	0	1.1807721126	0.3882079750263234
neurips-2023-data	03-06-2024	22264	scape	mean_rowwise_mae	0.5253532838	10	FALSE	FALSE	0	0.8348175606	0.3706968940346461
neurips-2023-data	03-06-2024	22264	pyboost	mean_rowwise_pearson	0.3806629096	1	FALSE	TRUE	0	1	0.3806629096
neurips-2023-data	03-06-2024	22264	pyboost	mean_rowwise_spearman	0.351550681	1	FALSE	TRUE	0	1	0.351550681
neurips-2023-data	03-06-2024	22264	pyboost	mean_rowwise_cosine	0.3826260038	1	FALSE	TRUE	0	1	0.3826260038
neurips-2023-data	03-06-2024	22264	transformer_ensemble	mean_rowwise_rmse	0.7835169941	1	FALSE	FALSE	0	1.1785070042	0.3351613598326717
neurips-2023-data	03-06-2024	22264	transformer_ensemble	mean_rowwise_mae	0.5402960929	1	FALSE	FALSE	0	0.8341317578	0.3522652892092055
neurips-2023-data	03-06-2024	22264	ground_truth	mean_rowwise_pearson	1	6	TRUE	TRUE	0	1	1
neurips-2023-data	03-06-2024	22264	ground_truth	mean_rowwise_spearman	1	6	TRUE	TRUE	0	1	1
neurips-2023-data	03-06-2024	22264	ground_truth	mean_rowwise_cosine	1	6	TRUE	TRUE	0	1	1
neurips-2023-data	03-06-2024	22264	zeros	mean_rowwise_rmse	0.8076197171	5	TRUE	FALSE	0	1.1908984035	0.32183995315936287
neurips-2023-data	03-06-2024	22264	zeros	mean_rowwise_mae	0.550661845	5	TRUE	FALSE	0	0.842224024	0.3461812661378084
neurips-2023-data	03-06-2024	22264	mean_outcome	mean_rowwise_rmse	0.7885551335	4	TRUE	FALSE	0	1.1799860166	0.3317250184267989
neurips-2023-data	03-06-2024	22264	mean_outcome	mean_rowwise_mae	0.5475212098	4	TRUE	FALSE	0	0.8354891855	0.3446699020139501
neurips-2023-data	02-06-2024	22264	zeros	mean_rowwise_rmse	0.8003560037	8	TRUE	FALSE	0	1.1817163841	0.3227173503991363
neurips-2023-data	02-06-2024	22264	zeros	mean_rowwise_mae	0.5461213982	8	TRUE	FALSE	0	0.8361755725	0.34688190356098914
neurips-2023-data	03-06-2024	22264	transformer_ensemble	mean_rowwise_pearson	0.17933489514	4	FALSE	TRUE	0	1	0.17933489514
neurips-2023-data	03-06-2024	22264	transformer_ensemble	mean_rowwise_spearman	0.16901708549	4	FALSE	TRUE	0	1	0.16901708549
neurips-2023-data	03-06-2024	22264	transformer_ensemble	mean_rowwise_cosine	0.18100215977	4	FALSE	TRUE	0	1	0.18100215977
neurips-2023-data	02-06-2024	22264	sample	mean_rowwise_rmse	1.1817664987	7	TRUE	FALSE	0	1.1817664987	0
neurips-2023-data	02-06-2024	22264	sample	mean_rowwise_mae	0.8362323155	7	TRUE	FALSE	0	0.8362323155	0
neurips-2023-data	02-06-2024	22264	ground_truth	mean_rowwise_rmse	0	7	TRUE	FALSE	0	1.1817664987	1
neurips-2023-data	02-06-2024	22264	ground_truth	mean_rowwise_mae	0	7	TRUE	FALSE	0	0.8362323155	1
neurips-2023-data	03-06-2024	22264	transformer_ensemble	mean_rowwise_pearson	0.17746282053	8	FALSE	TRUE	0	1	0.17746282053
neurips-2023-data	03-06-2024	22264	transformer_ensemble	mean_rowwise_spearman	0.16562042703	8	FALSE	TRUE	0	1	0.16562042703
neurips-2023-data	03-06-2024	22264	transformer_ensemble	mean_rowwise_cosine	0.17857663158	8	FALSE	TRUE	0	1	0.17857663158
neurips-2023-data	03-06-2024	22264	nn_retraining_with_pseudolabels	mean_rowwise_pearson	0.3986816679	7	FALSE	TRUE	0	1	0.3986816679
neurips-2023-data	03-06-2024	22264	nn_retraining_with_pseudolabels	mean_rowwise_spearman	0.3616709033	7	FALSE	TRUE	0	1	0.3616709033
neurips-2023-data	03-06-2024	22264	nn_retraining_with_pseudolabels	mean_rowwise_cosine	0.3990815691	7	FALSE	TRUE	0	1	0.3990815691
neurips-2023-data	03-06-2024	22264	sample	mean_rowwise_pearson	0.03804303331	10	TRUE	TRUE	0	1	0.03804303331
neurips-2023-data	03-06-2024	22264	sample	mean_rowwise_spearman	0.03794960475	10	TRUE	TRUE	0	1	0.03794960475
neurips-2023-data	03-06-2024	22264	sample	mean_rowwise_cosine	0.03931235061	10	TRUE	TRUE	0	1	0.03931235061
neurips-2023-data	03-06-2024	22264	jn_ap_op2	mean_rowwise_rmse	0.8352034486	8	FALSE	FALSE	0	1.1817163841	0.29322851080202783
neurips-2023-data	03-06-2024	22264	jn_ap_op2	mean_rowwise_mae	0.601236345	8	FALSE	FALSE	0	0.8361755725	0.2809687764467671
neurips-2023-data	03-06-2024	22264	pyboost	mean_rowwise_pearson	0.3831455142	9	FALSE	TRUE	0	1	0.3831455142
neurips-2023-data	03-06-2024	22264	pyboost	mean_rowwise_spearman	0.3532150878	9	FALSE	TRUE	0	1	0.3532150878
neurips-2023-data	03-06-2024	22264	pyboost	mean_rowwise_cosine	0.3848723473	9	FALSE	TRUE	0	1	0.3848723473
neurips-2023-data	03-06-2024	22264	scape	mean_rowwise_pearson	0.3812755335	4	FALSE	TRUE	0	1	0.3812755335
neurips-2023-data	03-06-2024	22264	scape	mean_rowwise_spearman	0.3443737408	4	FALSE	TRUE	0	1	0.3443737408
neurips-2023-data	03-06-2024	22264	scape	mean_rowwise_cosine	0.3826566833	4	FALSE	TRUE	0	1	0.3826566833
neurips-2023-data	03-06-2024	22264	mean_across_celltypes	mean_rowwise_rmse	0.7783343267	9	TRUE	FALSE	0	1.1809854348	0.34094502458295683
neurips-2023-data	03-06-2024	22264	mean_across_celltypes	mean_rowwise_mae	0.5499307858	9	TRUE	FALSE	0	0.8363974475	0.3425006407614605
neurips-2023-data	02-06-2024	22264	ground_truth	mean_rowwise_rmse	0	8	TRUE	FALSE	0	1.1817163841	1
neurips-2023-data	02-06-2024	22264	ground_truth	mean_rowwise_mae	0	8	TRUE	FALSE	0	0.8361755725	1
neurips-2023-data	03-06-2024	22264	sample	mean_rowwise_rmse	1.1842803888	2	TRUE	FALSE	0	1.1842803888	0
neurips-2023-data	03-06-2024	22264	sample	mean_rowwise_mae	0.8381713572	2	TRUE	FALSE	0	0.8381713572	0
neurips-2023-data	03-06-2024	22264	ground_truth	mean_rowwise_pearson	1	5	TRUE	TRUE	0	1	1
neurips-2023-data	03-06-2024	22264	ground_truth	mean_rowwise_spearman	1	5	TRUE	TRUE	0	1	1
neurips-2023-data	03-06-2024	22264	ground_truth	mean_rowwise_cosine	1	5	TRUE	TRUE	0	1	1
neurips-2023-data	03-06-2024	22264	jn_ap_op2	mean_rowwise_rmse	0.8406811033	3	FALSE	FALSE	0	1.1795727677	0.28730034609123
neurips-2023-data	03-06-2024	22264	jn_ap_op2	mean_rowwise_mae	0.6050273616	3	FALSE	FALSE	0	0.8354304352	0.27578965751330575
neurips-2023-data	03-06-2024	22264	mean_outcome	mean_rowwise_pearson	0.17443413716	2	TRUE	TRUE	0	1	0.17443413716
neurips-2023-data	03-06-2024	22264	mean_outcome	mean_rowwise_spearman	0.16099592157	2	TRUE	TRUE	0	1	0.16099592157
neurips-2023-data	03-06-2024	22264	mean_outcome	mean_rowwise_cosine	0.17818058674	2	TRUE	TRUE	0	1	0.17818058674
neurips-2023-data	03-06-2024	22264	mean_outcome	mean_rowwise_pearson	0.17756509818	10	TRUE	TRUE	0	1	0.17756509818
neurips-2023-data	03-06-2024	22264	mean_outcome	mean_rowwise_spearman	0.16641618514	10	TRUE	TRUE	0	1	0.16641618514
neurips-2023-data	03-06-2024	22264	mean_outcome	mean_rowwise_cosine	0.18164168532	10	TRUE	TRUE	0	1	0.18164168532
neurips-2023-data	03-06-2024	22264	jn_ap_op2	mean_rowwise_rmse	0.8403046225	5	FALSE	FALSE	0	1.1908984035	0.2943943664460543
neurips-2023-data	03-06-2024	22264	jn_ap_op2	mean_rowwise_mae	0.6051810363	5	FALSE	FALSE	0	0.842224024	0.28144885558382027
neurips-2023-data	02-06-2024	22264	pyboost	mean_rowwise_pearson	0.3775785748	7	FALSE	TRUE	0	1	0.3775785748
neurips-2023-data	02-06-2024	22264	pyboost	mean_rowwise_spearman	0.3480850498	7	FALSE	TRUE	0	1	0.3480850498
neurips-2023-data	02-06-2024	22264	pyboost	mean_rowwise_cosine	0.3781070253	7	FALSE	TRUE	0	1	0.3781070253
neurips-2023-data	02-06-2024	22264	mean_outcome	mean_rowwise_pearson	0.17954352188	8	TRUE	TRUE	0	1	0.17954352188
neurips-2023-data	02-06-2024	22264	mean_outcome	mean_rowwise_spearman	0.16507981929	8	TRUE	TRUE	0	1	0.16507981929
neurips-2023-data	02-06-2024	22264	mean_outcome	mean_rowwise_cosine	0.1808900142	8	TRUE	TRUE	0	1	0.1808900142
neurips-2023-data	03-06-2024	22264	pyboost	mean_rowwise_rmse	0.728610606	3	FALSE	FALSE	0	1.1795727677	0.3823097430261233
neurips-2023-data	03-06-2024	22264	pyboost	mean_rowwise_mae	0.5067684972	3	FALSE	FALSE	0	0.8354304352	0.3934043148922618
neurips-2023-data	03-06-2024	22264	transformer_ensemble	mean_rowwise_pearson	0.16966252659	7	FALSE	TRUE	0	1	0.16966252659
neurips-2023-data	03-06-2024	22264	transformer_ensemble	mean_rowwise_spearman	0.15990733112	7	FALSE	TRUE	0	1	0.15990733112
neurips-2023-data	03-06-2024	22264	transformer_ensemble	mean_rowwise_cosine	0.17015876208	7	FALSE	TRUE	0	1	0.17015876208
neurips-2023-data	03-06-2024	22264	jn_ap_op2	mean_rowwise_rmse	0.8332057458	2	FALSE	FALSE	0	1.1842803888	0.29644554306580617
neurips-2023-data	03-06-2024	22264	jn_ap_op2	mean_rowwise_mae	0.5993476347	2	FALSE	FALSE	0	0.8381713572	0.2849342445890969
neurips-2023-data	03-06-2024	22264	lgc_ensemble	mean_rowwise_rmse	0.7378642237	9	FALSE	FALSE	0	1.1809854348	0.37521310427934496
neurips-2023-data	03-06-2024	22264	lgc_ensemble	mean_rowwise_mae	0.5239098354	9	FALSE	FALSE	0	0.8363974475	0.37361138898023716
neurips-2023-data	03-06-2024	22264	mean_across_celltypes	mean_rowwise_rmse	0.7784082587	6	TRUE	FALSE	0	1.1804173387	0.34056521098100345
neurips-2023-data	03-06-2024	22264	mean_across_celltypes	mean_rowwise_mae	0.5503131171	6	TRUE	FALSE	0	0.8356698315	0.3414706426433919
neurips-2023-data	03-06-2024	22264	mean_across_compounds	mean_rowwise_pearson	0.1749865471	4	TRUE	TRUE	0	1	0.1749865471
neurips-2023-data	03-06-2024	22264	mean_across_compounds	mean_rowwise_spearman	0.15478804538	4	TRUE	TRUE	0	1	0.15478804538
neurips-2023-data	03-06-2024	22264	mean_across_compounds	mean_rowwise_cosine	0.17663649632	4	TRUE	TRUE	0	1	0.17663649632
neurips-2023-data	03-06-2024	22264	nn_retraining_with_pseudolabels	mean_rowwise_pearson	0.4048162996	8	FALSE	TRUE	0	1	0.4048162996
neurips-2023-data	03-06-2024	22264	nn_retraining_with_pseudolabels	mean_rowwise_spearman	0.3669737322	8	FALSE	TRUE	0	1	0.3669737322
neurips-2023-data	03-06-2024	22264	nn_retraining_with_pseudolabels	mean_rowwise_cosine	0.4061733598	8	FALSE	TRUE	0	1	0.4061733598
neurips-2023-data	03-06-2024	22264	sample	mean_rowwise_rmse	1.1817163841	8	TRUE	FALSE	0	1.1817163841	0
neurips-2023-data	03-06-2024	22264	sample	mean_rowwise_mae	0.8361755725	8	TRUE	FALSE	0	0.8361755725	0
neurips-2023-data	03-06-2024	22264	jn_ap_op2	mean_rowwise_pearson	0.23903915694	9	FALSE	TRUE	0	1	0.23903915694
neurips-2023-data	03-06-2024	22264	jn_ap_op2	mean_rowwise_spearman	0.21600237497	9	FALSE	TRUE	0	1	0.21600237497
neurips-2023-data	03-06-2024	22264	jn_ap_op2	mean_rowwise_cosine	0.24005170296	9	FALSE	TRUE	0	1	0.24005170296
neurips-2023-data	03-06-2024	22264	transformer_ensemble	mean_rowwise_rmse	0.7885926745	8	FALSE	FALSE	0	1.1817163841	0.332671794086535
neurips-2023-data	03-06-2024	22264	transformer_ensemble	mean_rowwise_mae	0.5434223132	8	FALSE	FALSE	0	0.8361755725	0.3501097962294276
neurips-2023-data	03-06-2024	22264	mean_across_compounds	mean_rowwise_pearson	0.17395607335	2	TRUE	TRUE	0	1	0.17395607335
neurips-2023-data	03-06-2024	22264	mean_across_compounds	mean_rowwise_spearman	0.15439904204	2	TRUE	TRUE	0	1	0.15439904204
neurips-2023-data	03-06-2024	22264	mean_across_compounds	mean_rowwise_cosine	0.17568055706	2	TRUE	TRUE	0	1	0.17568055706
neurips-2023-data	02-06-2024	22264	zeros	mean_rowwise_pearson	0	7	TRUE	TRUE	0	1	0
neurips-2023-data	02-06-2024	22264	zeros	mean_rowwise_spearman	0	7	TRUE	TRUE	0	1	0
neurips-2023-data	02-06-2024	22264	zeros	mean_rowwise_cosine	0	7	TRUE	TRUE	0	1	0
neurips-2023-data	03-06-2024	22264	mean_outcome	mean_rowwise_pearson	0.17842737951	6	TRUE	TRUE	0	1	0.17842737951
neurips-2023-data	03-06-2024	22264	mean_outcome	mean_rowwise_spearman	0.16647931647	6	TRUE	TRUE	0	1	0.16647931647
neurips-2023-data	03-06-2024	22264	mean_outcome	mean_rowwise_cosine	0.18308802198	6	TRUE	TRUE	0	1	0.18308802198
neurips-2023-data	03-06-2024	22264	ground_truth	mean_rowwise_rmse	0	6	TRUE	FALSE	0	1.1804173387	1
neurips-2023-data	03-06-2024	22264	ground_truth	mean_rowwise_mae	0	6	TRUE	FALSE	0	0.8356698315	1
neurips-2023-data	03-06-2024	22264	mean_across_compounds	mean_rowwise_rmse	0.8806842615	10	TRUE	FALSE	0	1.1807721126	0.2541454425437113
neurips-2023-data	03-06-2024	22264	mean_across_compounds	mean_rowwise_mae	0.6499570254	10	TRUE	FALSE	0	0.8348175606	0.22143824462333672
neurips-2023-data	03-06-2024	22264	pyboost	mean_rowwise_rmse	0.7275573832	9	FALSE	FALSE	0	1.1809854348	0.3839404265614741
neurips-2023-data	03-06-2024	22264	pyboost	mean_rowwise_mae	0.5053842983	9	FALSE	FALSE	0	0.8363974475	0.3957605922751217
neurips-2023-data	03-06-2024	22264	pyboost	mean_rowwise_rmse	0.7275385944	8	FALSE	FALSE	0	1.1817163841	0.38433738908164805
neurips-2023-data	03-06-2024	22264	pyboost	mean_rowwise_mae	0.5056173174	8	FALSE	FALSE	0	0.8361755725	0.3953215879192643
neurips-2023-data	03-06-2024	22264	nn_retraining_with_pseudolabels	mean_rowwise_rmse	0.7079261846	6	FALSE	FALSE	0	1.1804173387	0.4002746643999292
neurips-2023-data	03-06-2024	22264	nn_retraining_with_pseudolabels	mean_rowwise_mae	0.5021730162	6	FALSE	FALSE	0	0.8356698315	0.39907724645436116
neurips-2023-data	03-06-2024	22264	jn_ap_op2	mean_rowwise_pearson	0.24269195318	7	FALSE	TRUE	0	1	0.24269195318
neurips-2023-data	03-06-2024	22264	jn_ap_op2	mean_rowwise_spearman	0.21674177368	7	FALSE	TRUE	0	1	0.21674177368
neurips-2023-data	03-06-2024	22264	jn_ap_op2	mean_rowwise_cosine	0.24318872193	7	FALSE	TRUE	0	1	0.24318872193
neurips-2023-data	03-06-2024	22264	sample	mean_rowwise_pearson	0.03639464342	2	TRUE	TRUE	0	1	0.03639464342
neurips-2023-data	03-06-2024	22264	sample	mean_rowwise_spearman	0.03585922559	2	TRUE	TRUE	0	1	0.03585922559
neurips-2023-data	03-06-2024	22264	sample	mean_rowwise_cosine	0.03753693579	2	TRUE	TRUE	0	1	0.03753693579
neurips-2023-data	03-06-2024	22264	sample	mean_rowwise_pearson	0.03862769803	8	TRUE	TRUE	0	1	0.03862769803
neurips-2023-data	03-06-2024	22264	sample	mean_rowwise_spearman	0.03767454414	8	TRUE	TRUE	0	1	0.03767454414
neurips-2023-data	03-06-2024	22264	sample	mean_rowwise_cosine	0.03918291028	8	TRUE	TRUE	0	1	0.03918291028
neurips-2023-data	03-06-2024	22264	zeros	mean_rowwise_rmse	0.801313581	9	TRUE	FALSE	0	1.1809854348	0.32148732965897875
neurips-2023-data	03-06-2024	22264	zeros	mean_rowwise_mae	0.5462117415	9	TRUE	FALSE	0	0.8363974475	0.34694714440768315
neurips-2023-data	03-06-2024	22264	jn_ap_op2	mean_rowwise_pearson	0.24225222468	1	FALSE	TRUE	0	1	0.24225222468
neurips-2023-data	03-06-2024	22264	jn_ap_op2	mean_rowwise_spearman	0.21775101136	1	FALSE	TRUE	0	1	0.21775101136
neurips-2023-data	03-06-2024	22264	jn_ap_op2	mean_rowwise_cosine	0.24465248292	1	FALSE	TRUE	0	1	0.24465248292
neurips-2023-data	03-06-2024	22264	zeros	mean_rowwise_pearson	0	2	TRUE	TRUE	0	1	0
neurips-2023-data	03-06-2024	22264	zeros	mean_rowwise_spearman	0	2	TRUE	TRUE	0	1	0
neurips-2023-data	03-06-2024	22264	zeros	mean_rowwise_cosine	0	2	TRUE	TRUE	0	1	0
neurips-2023-data	03-06-2024	22264	mean_across_compounds	mean_rowwise_rmse	0.8835969257	3	TRUE	FALSE	0	1.1795727677	0.2509178323751158
neurips-2023-data	03-06-2024	22264	mean_across_compounds	mean_rowwise_mae	0.6516357231	3	TRUE	FALSE	0	0.8354304352	0.2200000195779318
neurips-2023-data	03-06-2024	22264	mean_across_celltypes	mean_rowwise_rmse	0.7741260914	10	TRUE	FALSE	0	1.1807721126	0.3443899266087731
neurips-2023-data	03-06-2024	22264	mean_across_celltypes	mean_rowwise_mae	0.5473241385	10	TRUE	FALSE	0	0.8348175606	0.34437874293560955
neurips-2023-data	03-06-2024	22264	lgc_ensemble	mean_rowwise_rmse	0.7365518638	6	FALSE	FALSE	0	1.1804173387	0.3760241910618083
neurips-2023-data	03-06-2024	22264	lgc_ensemble	mean_rowwise_mae	0.5240375309	6	FALSE	FALSE	0	0.8356698315	0.3729131875451698
neurips-2023-data	02-06-2024	22264	ground_truth	mean_rowwise_pearson	1	8	TRUE	TRUE	0	1	1
neurips-2023-data	02-06-2024	22264	ground_truth	mean_rowwise_spearman	1	8	TRUE	TRUE	0	1	1
neurips-2023-data	02-06-2024	22264	ground_truth	mean_rowwise_cosine	1	8	TRUE	TRUE	0	1	1
neurips-2023-data	03-06-2024	22264	scape	mean_rowwise_pearson	0.3870057608	3	FALSE	TRUE	0	1	0.3870057608
neurips-2023-data	03-06-2024	22264	scape	mean_rowwise_spearman	0.3461820634	3	FALSE	TRUE	0	1	0.3461820634
neurips-2023-data	03-06-2024	22264	scape	mean_rowwise_cosine	0.388219371	3	FALSE	TRUE	0	1	0.388219371
neurips-2023-data	03-06-2024	22264	mean_outcome	mean_rowwise_rmse	0.7906780943	2	TRUE	FALSE	0	1.1842803888	0.3323556635931688
neurips-2023-data	03-06-2024	22264	mean_outcome	mean_rowwise_mae	0.548941741	2	TRUE	FALSE	0	0.8381713572	0.34507217851753136
neurips-2023-data	03-06-2024	22264	scape	mean_rowwise_pearson	0.3875930527	9	FALSE	TRUE	0	1	0.3875930527
neurips-2023-data	03-06-2024	22264	scape	mean_rowwise_spearman	0.3481189285	9	FALSE	TRUE	0	1	0.3481189285
neurips-2023-data	03-06-2024	22264	scape	mean_rowwise_cosine	0.3895738172	9	FALSE	TRUE	0	1	0.3895738172
neurips-2023-data	03-06-2024	22264	mean_across_celltypes	mean_rowwise_rmse	0.7858292378	5	TRUE	FALSE	0	1.1908984035	0.3401374663947142
neurips-2023-data	03-06-2024	22264	mean_across_celltypes	mean_rowwise_mae	0.556314902	5	TRUE	FALSE	0	0.842224024	0.33946920754186416
neurips-2023-data	03-06-2024	22264	sample	mean_rowwise_pearson	0.03756657405	4	TRUE	TRUE	0	1	0.03756657405
neurips-2023-data	03-06-2024	22264	sample	mean_rowwise_spearman	0.03824506483	4	TRUE	TRUE	0	1	0.03824506483
neurips-2023-data	03-06-2024	22264	sample	mean_rowwise_cosine	0.03834510812	4	TRUE	TRUE	0	1	0.03834510812
neurips-2023-data	03-06-2024	22264	ground_truth	mean_rowwise_rmse	0	2	TRUE	FALSE	0	1.1842803888	1
neurips-2023-data	03-06-2024	22264	ground_truth	mean_rowwise_mae	0	2	TRUE	FALSE	0	0.8381713572	1
neurips-2023-data	03-06-2024	22264	mean_across_compounds	mean_rowwise_rmse	0.880217665	4	TRUE	FALSE	0	1.1799860166	0.2540439864395593
neurips-2023-data	03-06-2024	22264	mean_across_compounds	mean_rowwise_mae	0.6497158702	4	TRUE	FALSE	0	0.8354891855	0.22235274677891081
neurips-2023-data	03-06-2024	22264	mean_outcome	mean_rowwise_rmse	0.7839073701	10	TRUE	FALSE	0	1.1807721126	0.3361061277320685
neurips-2023-data	03-06-2024	22264	mean_outcome	mean_rowwise_mae	0.5444770977	10	TRUE	FALSE	0	0.8348175606	0.34778911777002697
neurips-2023-data	03-06-2024	22264	lgc_ensemble	mean_rowwise_pearson	0.3657912681	6	FALSE	TRUE	0	1	0.3657912681
neurips-2023-data	03-06-2024	22264	lgc_ensemble	mean_rowwise_spearman	0.3308633302	6	FALSE	TRUE	0	1	0.3308633302
neurips-2023-data	03-06-2024	22264	lgc_ensemble	mean_rowwise_cosine	0.3687595786	6	FALSE	TRUE	0	1	0.3687595786
neurips-2023-data	03-06-2024	22264	transformer_ensemble	mean_rowwise_rmse	0.7818983553	10	FALSE	FALSE	0	1.1807721126	0.3378075693384224
neurips-2023-data	03-06-2024	22264	transformer_ensemble	mean_rowwise_mae	0.5388472734	10	FALSE	FALSE	0	0.8348175606	0.35453289577099967
neurips-2023-data	03-06-2024	22264	mean_across_compounds	mean_rowwise_pearson	0.17166109124	9	TRUE	TRUE	0	1	0.17166109124
neurips-2023-data	03-06-2024	22264	mean_across_compounds	mean_rowwise_spearman	0.15290438388	9	TRUE	TRUE	0	1	0.15290438388
neurips-2023-data	03-06-2024	22264	mean_across_compounds	mean_rowwise_cosine	0.17397587225	9	TRUE	TRUE	0	1	0.17397587225
neurips-2023-data	03-06-2024	22264	pyboost	mean_rowwise_pearson	0.3766833365	10	FALSE	TRUE	0	1	0.3766833365
neurips-2023-data	03-06-2024	22264	pyboost	mean_rowwise_spearman	0.3474453042	10	FALSE	TRUE	0	1	0.3474453042
neurips-2023-data	03-06-2024	22264	pyboost	mean_rowwise_cosine	0.3793531016	10	FALSE	TRUE	0	1	0.3793531016
neurips-2023-data	02-06-2024	22264	pyboost	mean_rowwise_rmse	0.7209442158	7	FALSE	FALSE	0	1.1817664987	0.38994360003175477
neurips-2023-data	02-06-2024	22264	pyboost	mean_rowwise_mae	0.5026644083	7	FALSE	FALSE	0	0.8362323155	0.39889382533674633
neurips-2023-data	03-06-2024	22264	mean_across_celltypes	mean_rowwise_pearson	0.27043264774	3	TRUE	TRUE	0	1	0.27043264774
neurips-2023-data	03-06-2024	22264	mean_across_celltypes	mean_rowwise_spearman	0.25082825904	3	TRUE	TRUE	0	1	0.25082825904
neurips-2023-data	03-06-2024	22264	mean_across_celltypes	mean_rowwise_cosine	0.27034108215	3	TRUE	TRUE	0	1	0.27034108215
neurips-2023-data	03-06-2024	22264	transformer_ensemble	mean_rowwise_pearson	0.1865759388	5	FALSE	TRUE	0	1	0.1865759388
neurips-2023-data	03-06-2024	22264	transformer_ensemble	mean_rowwise_spearman	0.17672378088	5	FALSE	TRUE	0	1	0.17672378088
neurips-2023-data	03-06-2024	22264	transformer_ensemble	mean_rowwise_cosine	0.19008286292	5	FALSE	TRUE	0	1	0.19008286292
neurips-2023-data	03-06-2024	22264	scape	mean_rowwise_pearson	0.3879101461	6	FALSE	TRUE	0	1	0.3879101461
neurips-2023-data	03-06-2024	22264	scape	mean_rowwise_spearman	0.346796524	6	FALSE	TRUE	0	1	0.346796524
neurips-2023-data	03-06-2024	22264	scape	mean_rowwise_cosine	0.3903590261	6	FALSE	TRUE	0	1	0.3903590261
neurips-2023-data	03-06-2024	22264	scape	mean_rowwise_rmse	0.7256635924	4	FALSE	FALSE	0	1.1799860166	0.38502356621909817
neurips-2023-data	03-06-2024	22264	scape	mean_rowwise_mae	0.528022075	4	FALSE	FALSE	0	0.8354891855	0.3680084863288754
neurips-2023-data	03-06-2024	22264	pyboost	mean_rowwise_rmse	0.7221086737	10	FALSE	FALSE	0	1.1807721126	0.38844365818400506
neurips-2023-data	03-06-2024	22264	pyboost	mean_rowwise_mae	0.502281713	10	FALSE	FALSE	0	0.8348175606	0.3983335560897878
neurips-2023-data	03-06-2024	22264	mean_outcome	mean_rowwise_rmse	0.7894609782	6	TRUE	FALSE	0	1.1804173387	0.3312018111582149
neurips-2023-data	03-06-2024	22264	mean_outcome	mean_rowwise_mae	0.5477714267	6	TRUE	FALSE	0	0.8356698315	0.34451214337034486
neurips-2023-data	03-06-2024	22264	mean_outcome	mean_rowwise_pearson	0.17870822718	4	TRUE	TRUE	0	1	0.17870822718
neurips-2023-data	03-06-2024	22264	mean_outcome	mean_rowwise_spearman	0.16522954602	4	TRUE	TRUE	0	1	0.16522954602
neurips-2023-data	03-06-2024	22264	mean_outcome	mean_rowwise_cosine	0.18101141619	4	TRUE	TRUE	0	1	0.18101141619
neurips-2023-data	03-06-2024	22264	transformer_ensemble	mean_rowwise_pearson	0.17381313287	2	FALSE	TRUE	0	1	0.17381313287
neurips-2023-data	03-06-2024	22264	transformer_ensemble	mean_rowwise_spearman	0.1628036462	2	FALSE	TRUE	0	1	0.1628036462
neurips-2023-data	03-06-2024	22264	transformer_ensemble	mean_rowwise_cosine	0.17634589328	2	FALSE	TRUE	0	1	0.17634589328
neurips-2023-data	03-06-2024	22264	mean_outcome	mean_rowwise_pearson	0.18561388422	5	TRUE	TRUE	0	1	0.18561388422
neurips-2023-data	03-06-2024	22264	mean_outcome	mean_rowwise_spearman	0.17325734286	5	TRUE	TRUE	0	1	0.17325734286
neurips-2023-data	03-06-2024	22264	mean_outcome	mean_rowwise_cosine	0.18931905798	5	TRUE	TRUE	0	1	0.18931905798
neurips-2023-data	03-06-2024	22264	scape	mean_rowwise_pearson	0.383451311	10	FALSE	TRUE	0	1	0.383451311
neurips-2023-data	03-06-2024	22264	scape	mean_rowwise_spearman	0.3447570292	10	FALSE	TRUE	0	1	0.3447570292
neurips-2023-data	03-06-2024	22264	scape	mean_rowwise_cosine	0.3862494059	10	FALSE	TRUE	0	1	0.3862494059
neurips-2023-data	03-06-2024	22264	mean_across_celltypes	mean_rowwise_pearson	0.26548185871	4	TRUE	TRUE	0	1	0.26548185871
neurips-2023-data	03-06-2024	22264	mean_across_celltypes	mean_rowwise_spearman	0.24743997399	4	TRUE	TRUE	0	1	0.24743997399
neurips-2023-data	03-06-2024	22264	mean_across_celltypes	mean_rowwise_cosine	0.26661704054	4	TRUE	TRUE	0	1	0.26661704054
neurips-2023-data	03-06-2024	22264	lgc_ensemble	mean_rowwise_pearson	0.3601722913	1	FALSE	TRUE	0	1	0.3601722913
neurips-2023-data	03-06-2024	22264	lgc_ensemble	mean_rowwise_spearman	0.3259581814	1	FALSE	TRUE	0	1	0.3259581814
neurips-2023-data	03-06-2024	22264	lgc_ensemble	mean_rowwise_cosine	0.3634199783	1	FALSE	TRUE	0	1	0.3634199783
neurips-2023-data	03-06-2024	22264	zeros	mean_rowwise_pearson	0	5	TRUE	TRUE	0	1	0
neurips-2023-data	03-06-2024	22264	zeros	mean_rowwise_spearman	0	5	TRUE	TRUE	0	1	0
neurips-2023-data	03-06-2024	22264	zeros	mean_rowwise_cosine	0	5	TRUE	TRUE	0	1	0
neurips-2023-data	03-06-2024	22264	zeros	mean_rowwise_rmse	0.7939611315	10	TRUE	FALSE	0	1.1807721126	0.32759156231108966
neurips-2023-data	03-06-2024	22264	zeros	mean_rowwise_mae	0.5415030831	10	TRUE	FALSE	0	0.8348175606	0.3513515902674461
neurips-2023-data	03-06-2024	22264	mean_across_compounds	mean_rowwise_pearson	0.17321608055	10	TRUE	TRUE	0	1	0.17321608055
neurips-2023-data	03-06-2024	22264	mean_across_compounds	mean_rowwise_spearman	0.15466486965	10	TRUE	TRUE	0	1	0.15466486965
neurips-2023-data	03-06-2024	22264	mean_across_compounds	mean_rowwise_cosine	0.17561542642	10	TRUE	TRUE	0	1	0.17561542642
neurips-2023-data	03-06-2024	22264	nn_retraining_with_pseudolabels	mean_rowwise_rmse	0.7086399939	8	FALSE	FALSE	0	1.1817163841	0.4003298901202059
neurips-2023-data	03-06-2024	22264	nn_retraining_with_pseudolabels	mean_rowwise_mae	0.5032009449	8	FALSE	FALSE	0	0.8361755725	0.39821137874725465
neurips-2023-data	02-06-2024	22264	mean_across_compounds	mean_rowwise_pearson	0.17441034555	8	TRUE	TRUE	0	1	0.17441034555
neurips-2023-data	02-06-2024	22264	mean_across_compounds	mean_rowwise_spearman	0.15426934795	8	TRUE	TRUE	0	1	0.15426934795
neurips-2023-data	02-06-2024	22264	mean_across_compounds	mean_rowwise_cosine	0.17600690275	8	TRUE	TRUE	0	1	0.17600690275
neurips-2023-data	03-06-2024	22264	transformer_ensemble	mean_rowwise_pearson	0.1764252897	3	FALSE	TRUE	0	1	0.1764252897
neurips-2023-data	03-06-2024	22264	transformer_ensemble	mean_rowwise_spearman	0.16529477196	3	FALSE	TRUE	0	1	0.16529477196
neurips-2023-data	03-06-2024	22264	transformer_ensemble	mean_rowwise_cosine	0.17718392603	3	FALSE	TRUE	0	1	0.17718392603
neurips-2023-data	02-06-2024	22264	zeros	mean_rowwise_pearson	0	8	TRUE	TRUE	0	1	0
neurips-2023-data	02-06-2024	22264	zeros	mean_rowwise_spearman	0	8	TRUE	TRUE	0	1	0
neurips-2023-data	02-06-2024	22264	zeros	mean_rowwise_cosine	0	8	TRUE	TRUE	0	1	0
neurips-2023-data	03-06-2024	22264	scape	mean_rowwise_pearson	0.3920478606	5	FALSE	TRUE	0	1	0.3920478606
neurips-2023-data	03-06-2024	22264	scape	mean_rowwise_spearman	0.3542222465	5	FALSE	TRUE	0	1	0.3542222465
neurips-2023-data	03-06-2024	22264	scape	mean_rowwise_cosine	0.3940054931	5	FALSE	TRUE	0	1	0.3940054931
neurips-2023-data	03-06-2024	22264	mean_across_compounds	mean_rowwise_rmse	0.8833904573	2	TRUE	FALSE	0	1.1842803888	0.2540698421974916
neurips-2023-data	03-06-2024	22264	mean_across_compounds	mean_rowwise_mae	0.6520257799	2	TRUE	FALSE	0	0.8381713572	0.22208534770484045
neurips-2023-data	02-06-2024	22264	ground_truth	mean_rowwise_pearson	1	7	TRUE	TRUE	0	1	1
neurips-2023-data	02-06-2024	22264	ground_truth	mean_rowwise_spearman	1	7	TRUE	TRUE	0	1	1
neurips-2023-data	02-06-2024	22264	ground_truth	mean_rowwise_cosine	1	7	TRUE	TRUE	0	1	1
neurips-2023-data	03-06-2024	22264	zeros	mean_rowwise_pearson	0	1	TRUE	TRUE	0	1	0
neurips-2023-data	03-06-2024	22264	zeros	mean_rowwise_spearman	0	1	TRUE	TRUE	0	1	0
neurips-2023-data	03-06-2024	22264	zeros	mean_rowwise_cosine	0	1	TRUE	TRUE	0	1	0
neurips-2023-data	03-06-2024	22264	mean_across_celltypes	mean_rowwise_rmse	0.7756061086	1	TRUE	FALSE	0	1.1785070042	0.3418739932508923
neurips-2023-data	03-06-2024	22264	mean_across_celltypes	mean_rowwise_mae	0.548648758	1	TRUE	FALSE	0	0.8341317578	0.34225168521691796
neurips-2023-data	03-06-2024	22264	zeros	mean_rowwise_rmse	0.8002161606	6	TRUE	FALSE	0	1.1804173387	0.32209047227205057
neurips-2023-data	03-06-2024	22264	zeros	mean_rowwise_mae	0.5455055664	6	TRUE	FALSE	0	0.8356698315	0.34722357342871235
neurips-2023-data	03-06-2024	22264	nn_retraining_with_pseudolabels	mean_rowwise_rmse	0.7090162383	4	FALSE	FALSE	0	1.1799860166	0.39913166060818894
neurips-2023-data	03-06-2024	22264	nn_retraining_with_pseudolabels	mean_rowwise_mae	0.5034454573	4	FALSE	FALSE	0	0.8354891855	0.3974243281213602
neurips-2023-data	03-06-2024	22264	lgc_ensemble	mean_rowwise_rmse	0.7361468218	5	FALSE	FALSE	0	1.1908984035	0.3818559000192665
neurips-2023-data	03-06-2024	22264	lgc_ensemble	mean_rowwise_mae	0.5231867366	5	FALSE	FALSE	0	0.842224024	0.378803356718307
neurips-2023-data	03-06-2024	22264	jn_ap_op2	mean_rowwise_pearson	0.24407253502	8	FALSE	TRUE	0	1	0.24407253502
neurips-2023-data	03-06-2024	22264	jn_ap_op2	mean_rowwise_spearman	0.21873093906	8	FALSE	TRUE	0	1	0.21873093906
neurips-2023-data	03-06-2024	22264	jn_ap_op2	mean_rowwise_cosine	0.24528867764	8	FALSE	TRUE	0	1	0.24528867764
neurips-2023-data	03-06-2024	22264	jn_ap_op2	mean_rowwise_rmse	0.8390985225	6	FALSE	FALSE	0	1.1804173387	0.2891509680600729
neurips-2023-data	03-06-2024	22264	jn_ap_op2	mean_rowwise_mae	0.6038087017	6	FALSE	FALSE	0	0.8356698315	0.277455426844615
neurips-2023-data	03-06-2024	22264	scape	mean_rowwise_rmse	0.7267602681	2	FALSE	FALSE	0	1.1842803888	0.38632753275902254
neurips-2023-data	03-06-2024	22264	scape	mean_rowwise_mae	0.5290006079	2	FALSE	FALSE	0	0.8381713572	0.368863415152741
neurips-2023-data	03-06-2024	22264	nn_retraining_with_pseudolabels	mean_rowwise_rmse	0.7064167694	7	FALSE	FALSE	0	1.1817664987	0.4022365922734378
neurips-2023-data	03-06-2024	22264	nn_retraining_with_pseudolabels	mean_rowwise_mae	0.5026027518	7	FALSE	FALSE	0	0.8362323155	0.39896755664186
neurips-2023-data	03-06-2024	22264	transformer_ensemble	mean_rowwise_rmse	0.7940862318	5	FALSE	FALSE	0	1.1908984035	0.3332040504326699
neurips-2023-data	03-06-2024	22264	transformer_ensemble	mean_rowwise_mae	0.5470857102	5	FALSE	FALSE	0	0.842224024	0.3504273273971582
neurips-2023-data	03-06-2024	22264	transformer_ensemble	mean_rowwise_pearson	0.17540008638	6	FALSE	TRUE	0	1	0.17540008638
neurips-2023-data	03-06-2024	22264	transformer_ensemble	mean_rowwise_spearman	0.1657351122	6	FALSE	TRUE	0	1	0.1657351122
neurips-2023-data	03-06-2024	22264	transformer_ensemble	mean_rowwise_cosine	0.17917564562	6	FALSE	TRUE	0	1	0.17917564562
neurips-2023-data	03-06-2024	22264	zeros	mean_rowwise_rmse	0.7990612457	4	TRUE	FALSE	0	1.1799860166	0.3228214280009799
neurips-2023-data	03-06-2024	22264	zeros	mean_rowwise_mae	0.545366972	4	TRUE	FALSE	0	0.8354891855	0.34724831695622227
neurips-2023-data	03-06-2024	22264	transformer_ensemble	mean_rowwise_rmse	0.7888335826	9	FALSE	FALSE	0	1.1809854348	0.33205477446587717
neurips-2023-data	03-06-2024	22264	transformer_ensemble	mean_rowwise_mae	0.5433956755	9	FALSE	FALSE	0	0.8363974475	0.35031404373098596
neurips-2023-data	02-06-2024	22264	mean_across_compounds	mean_rowwise_rmse	0.8831912393	8	TRUE	FALSE	0	1.1817163841	0.25261995925304703
neurips-2023-data	02-06-2024	22264	mean_across_compounds	mean_rowwise_mae	0.6519409538	8	TRUE	FALSE	0	0.8361755725	0.22033006554972046
neurips-2023-data	03-06-2024	22264	nn_retraining_with_pseudolabels	mean_rowwise_rmse	0.7095739452	2	FALSE	FALSE	0	1.1842803888	0.4008395715148231
neurips-2023-data	03-06-2024	22264	nn_retraining_with_pseudolabels	mean_rowwise_mae	0.5043543586	2	FALSE	FALSE	0	0.8381713572	0.39826820104560834
neurips-2023-data	03-06-2024	22264	nn_retraining_with_pseudolabels	mean_rowwise_pearson	0.4000616926	2	FALSE	TRUE	0	1	0.4000616926
neurips-2023-data	03-06-2024	22264	nn_retraining_with_pseudolabels	mean_rowwise_spearman	0.3630923273	2	FALSE	TRUE	0	1	0.3630923273
neurips-2023-data	03-06-2024	22264	nn_retraining_with_pseudolabels	mean_rowwise_cosine	0.4021656505	2	FALSE	TRUE	0	1	0.4021656505
neurips-2023-data	03-06-2024	22264	lgc_ensemble	mean_rowwise_pearson	0.3535821482	7	FALSE	TRUE	0	1	0.3535821482
neurips-2023-data	03-06-2024	22264	lgc_ensemble	mean_rowwise_spearman	0.3193537992	7	FALSE	TRUE	0	1	0.3193537992
neurips-2023-data	03-06-2024	22264	lgc_ensemble	mean_rowwise_cosine	0.3542621482	7	FALSE	TRUE	0	1	0.3542621482
neurips-2023-data	03-06-2024	22264	lgc_ensemble	mean_rowwise_rmse	0.7264619451	10	FALSE	FALSE	0	1.1807721126	0.3847568575274294
neurips-2023-data	03-06-2024	22264	lgc_ensemble	mean_rowwise_mae	0.5157071175	10	FALSE	FALSE	0	0.8348175606	0.382251713620697
neurips-2023-data	03-06-2024	22264	mean_outcome	mean_rowwise_rmse	0.7898842398	9	TRUE	FALSE	0	1.1809854348	0.3311651299630406
neurips-2023-data	03-06-2024	22264	mean_outcome	mean_rowwise_mae	0.5480177991	9	TRUE	FALSE	0	0.8363974475	0.34478781500585576
neurips-2023-data	03-06-2024	22264	scape	mean_rowwise_rmse	0.7247148044	3	FALSE	FALSE	0	1.1795727677	0.38561246559371554
neurips-2023-data	03-06-2024	22264	scape	mean_rowwise_mae	0.52692024	3	FALSE	FALSE	0	0.8354304352	0.36928292554501374
neurips-2023-data	03-06-2024	22264	nn_retraining_with_pseudolabels	mean_rowwise_rmse	0.7059960414	1	FALSE	FALSE	0	1.1785070042	0.4009403093202253
neurips-2023-data	03-06-2024	22264	nn_retraining_with_pseudolabels	mean_rowwise_mae	0.5015293124	1	FALSE	FALSE	0	0.8341317578	0.3987408970942792
neurips-2023-data	03-06-2024	22264	nn_retraining_with_pseudolabels	mean_rowwise_pearson	0.4018972773	10	FALSE	TRUE	0	1	0.4018972773
neurips-2023-data	03-06-2024	22264	nn_retraining_with_pseudolabels	mean_rowwise_spearman	0.3649751105	10	FALSE	TRUE	0	1	0.3649751105
neurips-2023-data	03-06-2024	22264	nn_retraining_with_pseudolabels	mean_rowwise_cosine	0.4052260098	10	FALSE	TRUE	0	1	0.4052260098
neurips-2023-data	03-06-2024	22264	zeros	mean_rowwise_pearson	0	6	TRUE	TRUE	0	1	0
neurips-2023-data	03-06-2024	22264	zeros	mean_rowwise_spearman	0	6	TRUE	TRUE	0	1	0
neurips-2023-data	03-06-2024	22264	zeros	mean_rowwise_cosine	0	6	TRUE	TRUE	0	1	0
neurips-2023-data	03-06-2024	22264	ground_truth	mean_rowwise_rmse	0	9	TRUE	FALSE	0	1.1809854348	1
neurips-2023-data	03-06-2024	22264	ground_truth	mean_rowwise_mae	0	9	TRUE	FALSE	0	0.8363974475	1
neurips-2023-data	02-06-2024	22264	mean_outcome	mean_rowwise_rmse	0.7900225469	8	TRUE	FALSE	0	1.1817163841	0.33146179783088614
neurips-2023-data	02-06-2024	22264	mean_outcome	mean_rowwise_mae	0.5485526785	8	TRUE	FALSE	0	0.8361755725	0.3439742841806108
neurips-2023-data	03-06-2024	22264	nn_retraining_with_pseudolabels	mean_rowwise_pearson	0.4071251349	6	FALSE	TRUE	0	1	0.4071251349
neurips-2023-data	03-06-2024	22264	nn_retraining_with_pseudolabels	mean_rowwise_spearman	0.368163039	6	FALSE	TRUE	0	1	0.368163039
neurips-2023-data	03-06-2024	22264	nn_retraining_with_pseudolabels	mean_rowwise_cosine	0.4097853474	6	FALSE	TRUE	0	1	0.4097853474
neurips-2023-data	03-06-2024	22264	pyboost	mean_rowwise_pearson	0.3805260442	5	FALSE	TRUE	0	1	0.3805260442
neurips-2023-data	03-06-2024	22264	pyboost	mean_rowwise_spearman	0.3528910969	5	FALSE	TRUE	0	1	0.3528910969
neurips-2023-data	03-06-2024	22264	pyboost	mean_rowwise_cosine	0.3820854423	5	FALSE	TRUE	0	1	0.3820854423
neurips-2023-data	03-06-2024	22264	nn_retraining_with_pseudolabels	mean_rowwise_rmse	0.7096505424	3	FALSE	FALSE	0	1.1795727677	0.3983834131880494
neurips-2023-data	03-06-2024	22264	nn_retraining_with_pseudolabels	mean_rowwise_mae	0.5035496644	3	FALSE	FALSE	0	0.8354304352	0.3972572183350592
neurips-2023-data	03-06-2024	22264	lgc_ensemble	mean_rowwise_rmse	0.7366386411	3	FALSE	FALSE	0	1.1795727677	0.3755038593029397
neurips-2023-data	03-06-2024	22264	lgc_ensemble	mean_rowwise_mae	0.5247847571	3	FALSE	FALSE	0	0.8354304352	0.3718390724245426
neurips-2023-data	03-06-2024	22264	scape	mean_rowwise_rmse	0.724912699	6	FALSE	FALSE	0	1.1804173387	0.3858844027161189
neurips-2023-data	03-06-2024	22264	scape	mean_rowwise_mae	0.5273617482	6	FALSE	FALSE	0	0.8356698315	0.3689352800334996
neurips-2023-data	03-06-2024	22264	transformer_ensemble	mean_rowwise_pearson	0.18293480487	9	FALSE	TRUE	0	1	0.18293480487
neurips-2023-data	03-06-2024	22264	transformer_ensemble	mean_rowwise_spearman	0.17253103508	9	FALSE	TRUE	0	1	0.17253103508
neurips-2023-data	03-06-2024	22264	transformer_ensemble	mean_rowwise_cosine	0.18401590348	9	FALSE	TRUE	0	1	0.18401590348
neurips-2023-data	03-06-2024	22264	sample	mean_rowwise_pearson	0.03666249828	3	TRUE	TRUE	0	1	0.03666249828
neurips-2023-data	03-06-2024	22264	sample	mean_rowwise_spearman	0.03556161975	3	TRUE	TRUE	0	1	0.03556161975
neurips-2023-data	03-06-2024	22264	sample	mean_rowwise_cosine	0.03709038862	3	TRUE	TRUE	0	1	0.03709038862
neurips-2023-data	03-06-2024	22264	lgc_ensemble	mean_rowwise_pearson	0.3649299725	8	FALSE	TRUE	0	1	0.3649299725
neurips-2023-data	03-06-2024	22264	lgc_ensemble	mean_rowwise_spearman	0.3290344336	8	FALSE	TRUE	0	1	0.3290344336
neurips-2023-data	03-06-2024	22264	lgc_ensemble	mean_rowwise_cosine	0.3660369551	8	FALSE	TRUE	0	1	0.3660369551
neurips-2023-data	03-06-2024	22264	zeros	mean_rowwise_rmse	0.8006166311	2	TRUE	FALSE	0	1.1842803888	0.3239636164952088
neurips-2023-data	03-06-2024	22264	zeros	mean_rowwise_mae	0.546625837	2	TRUE	FALSE	0	0.8381713572	0.34783522211250295
neurips-2023-data	03-06-2024	22264	sample	mean_rowwise_rmse	1.1785070042	1	TRUE	FALSE	0	1.1785070042	0
neurips-2023-data	03-06-2024	22264	sample	mean_rowwise_mae	0.8341317578	1	TRUE	FALSE	0	0.8341317578	0
neurips-2023-data	03-06-2024	22264	lgc_ensemble	mean_rowwise_rmse	0.7308046775	2	FALSE	FALSE	0	1.1842803888	0.38291245518258976
neurips-2023-data	03-06-2024	22264	lgc_ensemble	mean_rowwise_mae	0.5184069498	2	FALSE	FALSE	0	0.8381713572	0.38150242746090346
neurips-2023-data	03-06-2024	22264	pyboost	mean_rowwise_pearson	0.3805631254	3	FALSE	TRUE	0	1	0.3805631254
neurips-2023-data	03-06-2024	22264	pyboost	mean_rowwise_spearman	0.3489699241	3	FALSE	TRUE	0	1	0.3489699241
neurips-2023-data	03-06-2024	22264	pyboost	mean_rowwise_cosine	0.3811205486	3	FALSE	TRUE	0	1	0.3811205486
neurips-2023-data	03-06-2024	22264	jn_ap_op2	mean_rowwise_pearson	0.24032573821	2	FALSE	TRUE	0	1	0.24032573821
neurips-2023-data	03-06-2024	22264	jn_ap_op2	mean_rowwise_spearman	0.21549453983	2	FALSE	TRUE	0	1	0.21549453983
neurips-2023-data	03-06-2024	22264	jn_ap_op2	mean_rowwise_cosine	0.24072159099	2	FALSE	TRUE	0	1	0.24072159099
neurips-2023-data	03-06-2024	22264	mean_across_celltypes	mean_rowwise_pearson	0.26862227003	1	TRUE	TRUE	0	1	0.26862227003
neurips-2023-data	03-06-2024	22264	mean_across_celltypes	mean_rowwise_spearman	0.2508742489	1	TRUE	TRUE	0	1	0.2508742489
neurips-2023-data	03-06-2024	22264	mean_across_celltypes	mean_rowwise_cosine	0.26985474423	1	TRUE	TRUE	0	1	0.26985474423
neurips-2023-data	03-06-2024	22264	scape	mean_rowwise_rmse	0.7219082013	1	FALSE	FALSE	0	1.1785070042	0.38743834467912286
neurips-2023-data	03-06-2024	22264	scape	mean_rowwise_mae	0.5253131837	1	FALSE	FALSE	0	0.8341317578	0.3702275704194511
neurips-2023-data	03-06-2024	22264	zeros	mean_rowwise_rmse	0.8007939391	3	TRUE	FALSE	0	1.1795727677	0.3211152706912396
neurips-2023-data	03-06-2024	22264	zeros	mean_rowwise_mae	0.5462644549	3	TRUE	FALSE	0	0.8354304352	0.3461281372048344
neurips-2023-data	02-06-2024	22264	zeros	mean_rowwise_rmse	0.7941875326	7	TRUE	FALSE	0	1.1817664987	0.32796577541024863
neurips-2023-data	02-06-2024	22264	zeros	mean_rowwise_mae	0.5424490572	7	TRUE	FALSE	0	0.8362323155	0.351317753278096
neurips-2023-data	03-06-2024	22264	sample	mean_rowwise_pearson	0.03859890452	6	TRUE	TRUE	0	1	0.03859890452
neurips-2023-data	03-06-2024	22264	sample	mean_rowwise_spearman	0.03861359176	6	TRUE	TRUE	0	1	0.03861359176
neurips-2023-data	03-06-2024	22264	sample	mean_rowwise_cosine	0.04014929739	6	TRUE	TRUE	0	1	0.04014929739
neurips-2023-data	03-06-2024	22264	transformer_ensemble	mean_rowwise_rmse	0.7869053952	4	FALSE	FALSE	0	1.1799860166	0.3331231182998411
neurips-2023-data	03-06-2024	22264	transformer_ensemble	mean_rowwise_mae	0.5422064178	4	FALSE	FALSE	0	0.8354891855	0.35103119560366824
neurips-2023-data	03-06-2024	22264	sample	mean_rowwise_rmse	1.1809854348	9	TRUE	FALSE	0	1.1809854348	0
neurips-2023-data	03-06-2024	22264	sample	mean_rowwise_mae	0.8363974475	9	TRUE	FALSE	0	0.8363974475	0
neurips-2023-data	03-06-2024	22264	mean_across_compounds	mean_rowwise_rmse	0.8769135417	1	TRUE	FALSE	0	1.1785070042	0.2559114722485075
neurips-2023-data	03-06-2024	22264	mean_across_compounds	mean_rowwise_mae	0.6475655913	1	TRUE	FALSE	0	0.8341317578	0.22366510417018914
neurips-2023-data	03-06-2024	22264	lgc_ensemble	mean_rowwise_rmse	0.7301202734	7	FALSE	FALSE	0	1.1817664987	0.3821789040363157
neurips-2023-data	03-06-2024	22264	lgc_ensemble	mean_rowwise_mae	0.5198381955	7	FALSE	FALSE	0	0.8362323155	0.37835672472286797
neurips-2023-data	03-06-2024	22264	zeros	mean_rowwise_pearson	0	10	TRUE	TRUE	0	1	0
neurips-2023-data	03-06-2024	22264	zeros	mean_rowwise_spearman	0	10	TRUE	TRUE	0	1	0
neurips-2023-data	03-06-2024	22264	zeros	mean_rowwise_cosine	0	10	TRUE	TRUE	0	1	0
neurips-2023-data	03-06-2024	22264	mean_across_compounds	mean_rowwise_rmse	0.8885167609	5	TRUE	FALSE	0	1.1908984035	0.2539105281452333
neurips-2023-data	03-06-2024	22264	mean_across_compounds	mean_rowwise_mae	0.6556937215	5	TRUE	FALSE	0	0.842224024	0.22147350014323497
neurips-2023-data	03-06-2024	22264	sample	mean_rowwise_rmse	1.1799860166	4	TRUE	FALSE	0	1.1799860166	0
neurips-2023-data	03-06-2024	22264	sample	mean_rowwise_mae	0.8354891855	4	TRUE	FALSE	0	0.8354891855	0
neurips-2023-data	03-06-2024	22264	scape	mean_rowwise_rmse	0.72751953	9	FALSE	FALSE	0	1.1809854348	0.38397247877726315
neurips-2023-data	03-06-2024	22264	scape	mean_rowwise_mae	0.5284872754	9	FALSE	FALSE	0	0.8363974475	0.36813858413885225
neurips-2023-data	03-06-2024	22264	mean_across_compounds	mean_rowwise_rmse	0.8841155121	6	TRUE	FALSE	0	1.1804173387	0.25101446487249923
neurips-2023-data	03-06-2024	22264	mean_across_compounds	mean_rowwise_mae	0.6522099776	6	TRUE	FALSE	0	0.8356698315	0.21953628931499847
neurips-2023-data	03-06-2024	22264	lgc_ensemble	mean_rowwise_pearson	0.3577463683	4	FALSE	TRUE	0	1	0.3577463683
neurips-2023-data	03-06-2024	22264	lgc_ensemble	mean_rowwise_spearman	0.3239721807	4	FALSE	TRUE	0	1	0.3239721807
neurips-2023-data	03-06-2024	22264	lgc_ensemble	mean_rowwise_cosine	0.3593434508	4	FALSE	TRUE	0	1	0.3593434508
neurips-2023-data	03-06-2024	22264	zeros	mean_rowwise_pearson	0	4	TRUE	TRUE	0	1	0
neurips-2023-data	03-06-2024	22264	zeros	mean_rowwise_spearman	0	4	TRUE	TRUE	0	1	0
neurips-2023-data	03-06-2024	22264	zeros	mean_rowwise_cosine	0	4	TRUE	TRUE	0	1	0
neurips-2023-data	03-06-2024	22264	pyboost	mean_rowwise_pearson	0.3819269023	6	FALSE	TRUE	0	1	0.3819269023
neurips-2023-data	03-06-2024	22264	pyboost	mean_rowwise_spearman	0.3515430085	6	FALSE	TRUE	0	1	0.3515430085
neurips-2023-data	03-06-2024	22264	pyboost	mean_rowwise_cosine	0.3843794807	6	FALSE	TRUE	0	1	0.3843794807
neurips-2023-data	03-06-2024	22264	scape	mean_rowwise_pearson	0.3843544903	7	FALSE	TRUE	0	1	0.3843544903
neurips-2023-data	03-06-2024	22264	scape	mean_rowwise_spearman	0.3457946262	7	FALSE	TRUE	0	1	0.3457946262
neurips-2023-data	03-06-2024	22264	scape	mean_rowwise_cosine	0.3849391854	7	FALSE	TRUE	0	1	0.3849391854
neurips-2023-data	03-06-2024	22264	mean_outcome	mean_rowwise_pearson	0.17523850134	3	TRUE	TRUE	0	1	0.17523850134
neurips-2023-data	03-06-2024	22264	mean_outcome	mean_rowwise_spearman	0.16208960982	3	TRUE	TRUE	0	1	0.16208960982
neurips-2023-data	03-06-2024	22264	mean_outcome	mean_rowwise_cosine	0.17641331182	3	TRUE	TRUE	0	1	0.17641331182
neurips-2023-data	03-06-2024	22264	lgc_ensemble	mean_rowwise_pearson	0.360731545	3	FALSE	TRUE	0	1	0.360731545
neurips-2023-data	03-06-2024	22264	lgc_ensemble	mean_rowwise_spearman	0.3240869462	3	FALSE	TRUE	0	1	0.3240869462
neurips-2023-data	03-06-2024	22264	lgc_ensemble	mean_rowwise_cosine	0.3619683886	3	FALSE	TRUE	0	1	0.3619683886
neurips-2023-data	03-06-2024	22264	jn_ap_op2	mean_rowwise_pearson	0.24427048328	5	FALSE	TRUE	0	1	0.24427048328
neurips-2023-data	03-06-2024	22264	jn_ap_op2	mean_rowwise_spearman	0.22070748317	5	FALSE	TRUE	0	1	0.22070748317
neurips-2023-data	03-06-2024	22264	jn_ap_op2	mean_rowwise_cosine	0.24557016182	5	FALSE	TRUE	0	1	0.24557016182
neurips-2023-data	03-06-2024	22264	nn_retraining_with_pseudolabels	mean_rowwise_pearson	0.403054999	1	FALSE	TRUE	0	1	0.403054999
neurips-2023-data	03-06-2024	22264	nn_retraining_with_pseudolabels	mean_rowwise_spearman	0.3648941798	1	FALSE	TRUE	0	1	0.3648941798
neurips-2023-data	03-06-2024	22264	nn_retraining_with_pseudolabels	mean_rowwise_cosine	0.4062117315	1	FALSE	TRUE	0	1	0.4062117315
neurips-2023-data	03-06-2024	22264	jn_ap_op2	mean_rowwise_pearson	0.2390732498	4	FALSE	TRUE	0	1	0.2390732498
neurips-2023-data	03-06-2024	22264	jn_ap_op2	mean_rowwise_spearman	0.21427153917	4	FALSE	TRUE	0	1	0.21427153917
neurips-2023-data	03-06-2024	22264	jn_ap_op2	mean_rowwise_cosine	0.24004503763	4	FALSE	TRUE	0	1	0.24004503763
neurips-2023-data	02-06-2024	22264	mean_across_celltypes	mean_rowwise_pearson	0.26199091157	7	TRUE	TRUE	0	1	0.26199091157
neurips-2023-data	02-06-2024	22264	mean_across_celltypes	mean_rowwise_spearman	0.24398737801	7	TRUE	TRUE	0	1	0.24398737801
neurips-2023-data	02-06-2024	22264	mean_across_celltypes	mean_rowwise_cosine	0.26254309454	7	TRUE	TRUE	0	1	0.26254309454
neurips-2023-data	03-06-2024	22264	lgc_ensemble	mean_rowwise_pearson	0.3627590412	9	FALSE	TRUE	0	1	0.3627590412
neurips-2023-data	03-06-2024	22264	lgc_ensemble	mean_rowwise_spearman	0.328040254	9	FALSE	TRUE	0	1	0.328040254
neurips-2023-data	03-06-2024	22264	lgc_ensemble	mean_rowwise_cosine	0.3651651196	9	FALSE	TRUE	0	1	0.3651651196
neurips-2023-data	03-06-2024	22264	jn_ap_op2	mean_rowwise_pearson	0.23797406988	6	FALSE	TRUE	0	1	0.23797406988
neurips-2023-data	03-06-2024	22264	jn_ap_op2	mean_rowwise_spearman	0.21369039861	6	FALSE	TRUE	0	1	0.21369039861
neurips-2023-data	03-06-2024	22264	jn_ap_op2	mean_rowwise_cosine	0.23951883393	6	FALSE	TRUE	0	1	0.23951883393
neurips-2023-data	03-06-2024	22264	ground_truth	mean_rowwise_rmse	0	3	TRUE	FALSE	0	1.1795727677	1
neurips-2023-data	03-06-2024	22264	ground_truth	mean_rowwise_mae	0	3	TRUE	FALSE	0	0.8354304352	1
neurips-2023-data	03-06-2024	22264	sample	mean_rowwise_pearson	0.03927177638	9	TRUE	TRUE	0	1	0.03927177638
neurips-2023-data	03-06-2024	22264	sample	mean_rowwise_spearman	0.03850962183	9	TRUE	TRUE	0	1	0.03850962183
neurips-2023-data	03-06-2024	22264	sample	mean_rowwise_cosine	0.04002858232	9	TRUE	TRUE	0	1	0.04002858232
neurips-2023-data	03-06-2024	22264	mean_outcome	mean_rowwise_pearson	0.18444154052	9	TRUE	TRUE	0	1	0.18444154052
neurips-2023-data	03-06-2024	22264	mean_outcome	mean_rowwise_spearman	0.17139948761	9	TRUE	TRUE	0	1	0.17139948761
neurips-2023-data	03-06-2024	22264	mean_outcome	mean_rowwise_cosine	0.18731241428	9	TRUE	TRUE	0	1	0.18731241428
neurips-2023-data	03-06-2024	22264	nn_retraining_with_pseudolabels	mean_rowwise_pearson	0.4059199125	9	FALSE	TRUE	0	1	0.4059199125
neurips-2023-data	03-06-2024	22264	nn_retraining_with_pseudolabels	mean_rowwise_spearman	0.3683624424	9	FALSE	TRUE	0	1	0.3683624424
neurips-2023-data	03-06-2024	22264	nn_retraining_with_pseudolabels	mean_rowwise_cosine	0.4082215253	9	FALSE	TRUE	0	1	0.4082215253
neurips-2023-data	03-06-2024	22264	jn_ap_op2	mean_rowwise_pearson	0.2372009888	3	FALSE	TRUE	0	1	0.2372009888
neurips-2023-data	03-06-2024	22264	jn_ap_op2	mean_rowwise_spearman	0.21149841367	3	FALSE	TRUE	0	1	0.21149841367
neurips-2023-data	03-06-2024	22264	jn_ap_op2	mean_rowwise_cosine	0.23842709897	3	FALSE	TRUE	0	1	0.23842709897
neurips-2023-data	03-06-2024	22264	mean_outcome	mean_rowwise_rmse	0.7855464506	1	TRUE	FALSE	0	1.1785070042	0.3334393026087712
neurips-2023-data	03-06-2024	22264	mean_outcome	mean_rowwise_mae	0.5459918595	1	TRUE	FALSE	0	0.8341317578	0.3454369116216859
neurips-2023-data	03-06-2024	22264	mean_across_celltypes	mean_rowwise_rmse	0.7802992447	3	TRUE	FALSE	0	1.1795727677	0.3384899464731853
neurips-2023-data	03-06-2024	22264	mean_across_celltypes	mean_rowwise_mae	0.5516965446	3	TRUE	FALSE	0	0.8354304352	0.3396259923569518
neurips-2023-data	03-06-2024	22264	lgc_ensemble	mean_rowwise_rmse	0.7328192123	4	FALSE	FALSE	0	1.1799860166	0.3789594096957708
neurips-2023-data	03-06-2024	22264	lgc_ensemble	mean_rowwise_mae	0.5223870594	4	FALSE	FALSE	0	0.8354891855	0.37475305669291636
neurips-2023-data	03-06-2024	22264	transformer_ensemble	mean_rowwise_rmse	0.7892047237	3	FALSE	FALSE	0	1.1795727677	0.33094019689956256
neurips-2023-data	03-06-2024	22264	transformer_ensemble	mean_rowwise_mae	0.5434313898	3	FALSE	FALSE	0	0.8354304352	0.34951928143496
neurips-2023-data	03-06-2024	22264	sample	mean_rowwise_pearson	0.03790728051	5	TRUE	TRUE	0	1	0.03790728051
neurips-2023-data	03-06-2024	22264	sample	mean_rowwise_spearman	0.0393776401	5	TRUE	TRUE	0	1	0.0393776401
neurips-2023-data	03-06-2024	22264	sample	mean_rowwise_cosine	0.03957000047	5	TRUE	TRUE	0	1	0.03957000047
neurips-2023-data	03-06-2024	22264	jn_ap_op2	mean_rowwise_rmse	0.8320883848	7	FALSE	FALSE	0	1.1817664987	0.29589442100843333
neurips-2023-data	03-06-2024	22264	jn_ap_op2	mean_rowwise_mae	0.5998912089	7	FALSE	FALSE	0	0.8362323155	0.2826261341726395
neurips-2023-data	03-06-2024	22264	ground_truth	mean_rowwise_pearson	1	4	TRUE	TRUE	0	1	1
neurips-2023-data	03-06-2024	22264	ground_truth	mean_rowwise_spearman	1	4	TRUE	TRUE	0	1	1
neurips-2023-data	03-06-2024	22264	ground_truth	mean_rowwise_cosine	1	4	TRUE	TRUE	0	1	1
neurips-2023-data	03-06-2024	22264	ground_truth	mean_rowwise_rmse	0	4	TRUE	FALSE	0	1.1799860166	1
neurips-2023-data	03-06-2024	22264	ground_truth	mean_rowwise_mae	0	4	TRUE	FALSE	0	0.8354891855	1
neurips-2023-data	02-06-2024	22264	mean_across_compounds	mean_rowwise_pearson	0.17194695086	7	TRUE	TRUE	0	1	0.17194695086
neurips-2023-data	02-06-2024	22264	mean_across_compounds	mean_rowwise_spearman	0.15243352672	7	TRUE	TRUE	0	1	0.15243352672
neurips-2023-data	02-06-2024	22264	mean_across_compounds	mean_rowwise_cosine	0.17261519694	7	TRUE	TRUE	0	1	0.17261519694
neurips-2023-data	03-06-2024	22264	zeros	mean_rowwise_pearson	0	3	TRUE	TRUE	0	1	0
neurips-2023-data	03-06-2024	22264	zeros	mean_rowwise_spearman	0	3	TRUE	TRUE	0	1	0
neurips-2023-data	03-06-2024	22264	zeros	mean_rowwise_cosine	0	3	TRUE	TRUE	0	1	0
neurips-2023-data	03-06-2024	22264	scape	mean_rowwise_rmse	0.7254698374	8	FALSE	FALSE	0	1.1817163841	0.3860880265677954
neurips-2023-data	03-06-2024	22264	scape	mean_rowwise_mae	0.5278872714	8	FALSE	FALSE	0	0.8361755725	0.36868848031314616
neurips-2023-data	02-06-2024	22264	mean_across_celltypes	mean_rowwise_rmse	0.7797215015	8	TRUE	FALSE	0	1.1817163841	0.3401788178693663
neurips-2023-data	02-06-2024	22264	mean_across_celltypes	mean_rowwise_mae	0.5511036367	8	TRUE	FALSE	0	0.8361755725	0.3409235394759156
neurips-2023-data	03-06-2024	22264	transformer_ensemble	mean_rowwise_rmse	0.7892471529	2	FALSE	FALSE	0	1.1842803888	0.3335639428263071
neurips-2023-data	03-06-2024	22264	transformer_ensemble	mean_rowwise_mae	0.5441437223	2	FALSE	FALSE	0	0.8381713572	0.350796567282173
neurips-2023-data	03-06-2024	22264	mean_across_compounds	mean_rowwise_rmse	0.8854419847	9	TRUE	FALSE	0	1.1809854348	0.25025156228963163
neurips-2023-data	03-06-2024	22264	mean_across_compounds	mean_rowwise_mae	0.6531325168	9	TRUE	FALSE	0	0.8363974475	0.21911225488286779
neurips-2023-data	02-06-2024	22264	mean_across_celltypes	mean_rowwise_pearson	0.271188098	8	TRUE	TRUE	0	1	0.271188098
neurips-2023-data	02-06-2024	22264	mean_across_celltypes	mean_rowwise_spearman	0.2519096756	8	TRUE	TRUE	0	1	0.2519096756
neurips-2023-data	02-06-2024	22264	mean_across_celltypes	mean_rowwise_cosine	0.27146402738	8	TRUE	TRUE	0	1	0.27146402738
neurips-2023-data	03-06-2024	22264	mean_across_compounds	mean_rowwise_pearson	0.17011295583	6	TRUE	TRUE	0	1	0.17011295583
neurips-2023-data	03-06-2024	22264	mean_across_compounds	mean_rowwise_spearman	0.15192312284	6	TRUE	TRUE	0	1	0.15192312284
neurips-2023-data	03-06-2024	22264	mean_across_compounds	mean_rowwise_cosine	0.17297252355	6	TRUE	TRUE	0	1	0.17297252355
neurips-2023-data	02-06-2024	22264	mean_outcome	mean_rowwise_pearson	0.17090823359	7	TRUE	TRUE	0	1	0.17090823359
neurips-2023-data	02-06-2024	22264	mean_outcome	mean_rowwise_spearman	0.15830316538	7	TRUE	TRUE	0	1	0.15830316538
neurips-2023-data	02-06-2024	22264	mean_outcome	mean_rowwise_cosine	0.17207297142	7	TRUE	TRUE	0	1	0.17207297142
neurips-2023-data	03-06-2024	22264	scape	mean_rowwise_pearson	0.3838811744	2	FALSE	TRUE	0	1	0.3838811744
neurips-2023-data	03-06-2024	22264	scape	mean_rowwise_spearman	0.3448286769	2	FALSE	TRUE	0	1	0.3448286769
neurips-2023-data	03-06-2024	22264	scape	mean_rowwise_cosine	0.3857525636	2	FALSE	TRUE	0	1	0.3857525636
neurips-2023-data	03-06-2024	22264	mean_across_celltypes	mean_rowwise_rmse	0.7795765534	4	TRUE	FALSE	0	1.1799860166	0.3393340747831367
neurips-2023-data	03-06-2024	22264	mean_across_celltypes	mean_rowwise_mae	0.5513094263	4	TRUE	FALSE	0	0.8354891855	0.3401357721104816
neurips-2023-data	03-06-2024	22264	nn_retraining_with_pseudolabels	mean_rowwise_pearson	0.403961543	3	FALSE	TRUE	0	1	0.403961543
neurips-2023-data	03-06-2024	22264	nn_retraining_with_pseudolabels	mean_rowwise_spearman	0.364427295	3	FALSE	TRUE	0	1	0.364427295
neurips-2023-data	03-06-2024	22264	nn_retraining_with_pseudolabels	mean_rowwise_cosine	0.404989212	3	FALSE	TRUE	0	1	0.404989212
neurips-2023-data	03-06-2024	22264	ground_truth	mean_rowwise_pearson	1	9	TRUE	TRUE	0	1	1
neurips-2023-data	03-06-2024	22264	ground_truth	mean_rowwise_spearman	1	9	TRUE	TRUE	0	1	1
neurips-2023-data	03-06-2024	22264	ground_truth	mean_rowwise_cosine	1	9	TRUE	TRUE	0	1	1
neurips-2023-data	03-06-2024	22264	jn_ap_op2	mean_rowwise_rmse	0.8354588924	4	FALSE	FALSE	0	1.1799860166	0.29197559916236715
neurips-2023-data	03-06-2024	22264	jn_ap_op2	mean_rowwise_mae	0.6014399603	4	FALSE	FALSE	0	0.8354891855	0.28013435632913997
neurips-2023-data	03-06-2024	22264	mean_across_compounds	mean_rowwise_pearson	0.1718134498	3	TRUE	TRUE	0	1	0.1718134498
neurips-2023-data	03-06-2024	22264	mean_across_compounds	mean_rowwise_spearman	0.15184315254	3	TRUE	TRUE	0	1	0.15184315254
neurips-2023-data	03-06-2024	22264	mean_across_compounds	mean_rowwise_cosine	0.1735811689	3	TRUE	TRUE	0	1	0.1735811689
neurips-2023-data	03-06-2024	22264	ground_truth	mean_rowwise_pearson	1	2	TRUE	TRUE	0	1	1
neurips-2023-data	03-06-2024	22264	ground_truth	mean_rowwise_spearman	1	2	TRUE	TRUE	0	1	1
neurips-2023-data	03-06-2024	22264	ground_truth	mean_rowwise_cosine	1	2	TRUE	TRUE	0	1	1
neurips-2023-data	03-06-2024	22264	scape	mean_rowwise_pearson	0.3857782	1	FALSE	TRUE	0	1	0.3857782
neurips-2023-data	03-06-2024	22264	scape	mean_rowwise_spearman	0.3467795899	1	FALSE	TRUE	0	1	0.3467795899
neurips-2023-data	03-06-2024	22264	scape	mean_rowwise_cosine	0.3884734858	1	FALSE	TRUE	0	1	0.3884734858
neurips-2023-data	03-06-2024	22264	scape	mean_rowwise_pearson	0.3897827754	8	FALSE	TRUE	0	1	0.3897827754
neurips-2023-data	03-06-2024	22264	scape	mean_rowwise_spearman	0.3497835187	8	FALSE	TRUE	0	1	0.3497835187
neurips-2023-data	03-06-2024	22264	scape	mean_rowwise_cosine	0.3910368257	8	FALSE	TRUE	0	1	0.3910368257
neurips-2023-data	03-06-2024	22264	ground_truth	mean_rowwise_rmse	0	5	TRUE	FALSE	0	1.1908984035	1
neurips-2023-data	03-06-2024	22264	ground_truth	mean_rowwise_mae	0	5	TRUE	FALSE	0	0.842224024	1
neurips-2023-data	03-06-2024	22264	lgc_ensemble	mean_rowwise_pearson	0.352427804	2	FALSE	TRUE	0	1	0.352427804
neurips-2023-data	03-06-2024	22264	lgc_ensemble	mean_rowwise_spearman	0.3168629199	2	FALSE	TRUE	0	1	0.3168629199
neurips-2023-data	03-06-2024	22264	lgc_ensemble	mean_rowwise_cosine	0.3546344996	2	FALSE	TRUE	0	1	0.3546344996
neurips-2023-data	03-06-2024	22264	jn_ap_op2	mean_rowwise_rmse	0.8274398916	1	FALSE	FALSE	0	1.1785070042	0.2978914095112343
neurips-2023-data	03-06-2024	22264	jn_ap_op2	mean_rowwise_mae	0.5968777622	1	FALSE	FALSE	0	0.8341317578	0.2844322774926482
neurips-2023-data	03-06-2024	22264	lgc_ensemble	mean_rowwise_rmse	0.7233837627	1	FALSE	FALSE	0	1.1785070042	0.38618628474673267
neurips-2023-data	03-06-2024	22264	lgc_ensemble	mean_rowwise_mae	0.5131201876	1	FALSE	FALSE	0	0.8341317578	0.3848451604895843
neurips-2023-data	03-06-2024	22264	pyboost	mean_rowwise_rmse	0.7323094584	5	FALSE	FALSE	0	1.1908984035	0.3850781424781716
neurips-2023-data	03-06-2024	22264	pyboost	mean_rowwise_mae	0.5100703267	5	FALSE	FALSE	0	0.842224024	0.3943768971615087
neurips-2023-data	03-06-2024	22264	lgc_ensemble	mean_rowwise_rmse	0.7288828427	8	FALSE	FALSE	0	1.1817163841	0.3831998502287669
neurips-2023-data	03-06-2024	22264	lgc_ensemble	mean_rowwise_mae	0.5170656769	8	FALSE	FALSE	0	0.8361755725	0.38163025337600365
neurips-2023-data	03-06-2024	22264	pyboost	mean_rowwise_rmse	0.728578592	2	FALSE	FALSE	0	1.1842803888	0.38479214982336285
neurips-2023-data	03-06-2024	22264	pyboost	mean_rowwise_mae	0.5068390592	2	FALSE	FALSE	0	0.8381713572	0.39530377070728173
neurips-2023-data	02-06-2024	22264	mean_across_celltypes	mean_rowwise_rmse	0.7761892806	7	TRUE	FALSE	0	1.1817664987	0.3431957315985471
neurips-2023-data	02-06-2024	22264	mean_across_celltypes	mean_rowwise_mae	0.5491142416	7	TRUE	FALSE	0	0.8362323155	0.343347259581001
neurips-2023-data	03-06-2024	22264	mean_across_compounds	mean_rowwise_pearson	0.17453030758	1	TRUE	TRUE	0	1	0.17453030758
neurips-2023-data	03-06-2024	22264	mean_across_compounds	mean_rowwise_spearman	0.15602311345	1	TRUE	TRUE	0	1	0.15602311345
neurips-2023-data	03-06-2024	22264	mean_across_compounds	mean_rowwise_cosine	0.17693343004	1	TRUE	TRUE	0	1	0.17693343004
